Image,Mean,Median,Valid_Pixels
Image_1,0.0016950110959964304,0.00014585502503905445,1002001
Image_2,0.0013648975590453704,0.0001270876673515886,1002001
